login,name
aashnakanuga,Aashna Kanuga
Akanksha1Raj,NA
AkhilPunia,Akhil Punia
akshatapatel,Akshata Patel
angela-li,Angela Li
anipin,NA
AshwinJay101,NA
Ecboxer,Eric Boxer
excited-student,NA
hao871563506,NA
harin,Harin Sanghirun
jtr13,Joyce Robbins
jw2531,NA
kiransaini,NA
leahparreztnik,NA
louismassera,Louis Massera
naotominakawa,NA
nehasaraf1994,Neha Saraf
odubno,Oleh Dubno
ramyij,Ramy Jaber
rodbogart,Rod Bogart
Somendratripathi,NA
TimKartawijaya,Tim Kartawijaya
ujjwal95,NA
zachbogart,Zach Bogart
ZhangZhida,Zhida Zhang
